epoch,Training loss,Validation loss,Validation F1
1,0.37059367509591645,0.2651986850999471,0.8984791454456407
2,0.2213598077968955,0.26632822450498417,0.9062795618905565
